optionPOSName,optionDisplayName,optionDisplayDescription,optionId,pricePerUnit,priceLevelId,isActive,uniqueRetailerItemModifierId,uniqueId,optionDisplaySequence,version
Plain,,,1,,1,Y,den_einstein_c_item_1_mod_1,den_einstein_c_item_1_mod_1_option_1,1,
Onion & Chive,,,2,,1,Y,den_einstein_c_item_1_mod_1,den_einstein_c_item_1_mod_1_option_2,2,
Smoked Salmon,,,3,,1,Y,den_einstein_c_item_1_mod_1,den_einstein_c_item_1_mod_1_option_3,3,
Garden Veggie,,,4,,1,Y,den_einstein_c_item_1_mod_1,den_einstein_c_item_1_mod_1_option_4,4,
Garlic & Herb,,,5,,1,Y,den_einstein_c_item_1_mod_1,den_einstein_c_item_1_mod_1_option_5,5,
Honey Almond,,,6,,1,Y,den_einstein_c_item_1_mod_1,den_einstein_c_item_1_mod_1_option_6,6,
Jalapeno Salsa,,,7,,1,Y,den_einstein_c_item_1_mod_1,den_einstein_c_item_1_mod_1_option_7,7,
Reduced Fat Plain,,,8,,1,Y,den_einstein_c_item_1_mod_1,den_einstein_c_item_1_mod_1_option_8,8,
Strawberry,,,9,,1,Y,den_einstein_c_item_1_mod_1,den_einstein_c_item_1_mod_1_option_9,9,
Avocado,,,10,170,1,Y,den_einstein_c_item_1_mod_1,den_einstein_c_item_1_mod_1_option_10,10,
Butter Blend,,,11,,1,Y,den_einstein_c_item_1_mod_1,den_einstein_c_item_1_mod_1_option_11,11,
Hummus,,,12,170,1,Y,den_einstein_c_item_1_mod_1,den_einstein_c_item_1_mod_1_option_12,12,
Natural PB,,,13,170,1,Y,den_einstein_c_item_1_mod_1,den_einstein_c_item_1_mod_1_option_13,13,
PB&J,,,14,219,1,Y,den_einstein_c_item_1_mod_1,den_einstein_c_item_1_mod_1_option_14,14,
Plain,,,15,,1,Y,den_einstein_c_item_2_mod_1,den_einstein_c_item_2_mod_1_option_1,1,
Onion & Chive,,,16,,1,Y,den_einstein_c_item_2_mod_1,den_einstein_c_item_2_mod_1_option_2,2,
Smoked Salmon,,,17,,1,Y,den_einstein_c_item_2_mod_1,den_einstein_c_item_2_mod_1_option_3,3,
Garden Veggie,,,18,,1,Y,den_einstein_c_item_2_mod_1,den_einstein_c_item_2_mod_1_option_4,4,
Garlic & Herb,,,19,,1,Y,den_einstein_c_item_2_mod_1,den_einstein_c_item_2_mod_1_option_5,5,
Honey Almond,,,20,,1,Y,den_einstein_c_item_2_mod_1,den_einstein_c_item_2_mod_1_option_6,6,
Jalapeno Salsa,,,21,,1,Y,den_einstein_c_item_2_mod_1,den_einstein_c_item_2_mod_1_option_7,7,
Reduced Fat Plain,,,22,,1,Y,den_einstein_c_item_2_mod_1,den_einstein_c_item_2_mod_1_option_8,8,
Strawberry,,,23,,1,Y,den_einstein_c_item_2_mod_1,den_einstein_c_item_2_mod_1_option_9,9,
Avocado,,,24,170,1,Y,den_einstein_c_item_2_mod_1,den_einstein_c_item_2_mod_1_option_10,10,
Butter Blend,,,25,,1,Y,den_einstein_c_item_2_mod_1,den_einstein_c_item_2_mod_1_option_11,11,
Hummus,,,26,170,1,Y,den_einstein_c_item_2_mod_1,den_einstein_c_item_2_mod_1_option_12,12,
Natural PB,,,27,170,1,Y,den_einstein_c_item_2_mod_1,den_einstein_c_item_2_mod_1_option_13,13,
PB&J,,,28,219,1,Y,den_einstein_c_item_2_mod_1,den_einstein_c_item_2_mod_1_option_14,14,
Plain,,,29,,1,Y,den_einstein_c_item_3_mod_1,den_einstein_c_item_3_mod_1_option_1,1,
Onion & Chive,,,30,,1,Y,den_einstein_c_item_3_mod_1,den_einstein_c_item_3_mod_1_option_2,2,
Smoked Salmon,,,31,,1,Y,den_einstein_c_item_3_mod_1,den_einstein_c_item_3_mod_1_option_3,3,
Garden Veggie,,,32,,1,Y,den_einstein_c_item_3_mod_1,den_einstein_c_item_3_mod_1_option_4,4,
Garlic & Herb,,,33,,1,Y,den_einstein_c_item_3_mod_1,den_einstein_c_item_3_mod_1_option_5,5,
Honey Almond,,,34,,1,Y,den_einstein_c_item_3_mod_1,den_einstein_c_item_3_mod_1_option_6,6,
Jalapeno Salsa,,,35,,1,Y,den_einstein_c_item_3_mod_1,den_einstein_c_item_3_mod_1_option_7,7,
Reduced Fat Plain,,,36,,1,Y,den_einstein_c_item_3_mod_1,den_einstein_c_item_3_mod_1_option_8,8,
Strawberry,,,37,,1,Y,den_einstein_c_item_3_mod_1,den_einstein_c_item_3_mod_1_option_9,9,
Avocado,,,38,170,1,Y,den_einstein_c_item_3_mod_1,den_einstein_c_item_3_mod_1_option_10,10,
Butter Blend,,,39,,1,Y,den_einstein_c_item_3_mod_1,den_einstein_c_item_3_mod_1_option_11,11,
Hummus,,,40,170,1,Y,den_einstein_c_item_3_mod_1,den_einstein_c_item_3_mod_1_option_12,12,
Natural PB,,,41,170,1,Y,den_einstein_c_item_3_mod_1,den_einstein_c_item_3_mod_1_option_13,13,
PB&J,,,42,219,1,Y,den_einstein_c_item_3_mod_1,den_einstein_c_item_3_mod_1_option_14,14,
Plain,,,43,,1,Y,den_einstein_c_item_4_mod_1,den_einstein_c_item_4_mod_1_option_1,1,
Onion & Chive,,,44,,1,Y,den_einstein_c_item_4_mod_1,den_einstein_c_item_4_mod_1_option_2,2,
Smoked Salmon,,,45,,1,Y,den_einstein_c_item_4_mod_1,den_einstein_c_item_4_mod_1_option_3,3,
Garden Veggie,,,46,,1,Y,den_einstein_c_item_4_mod_1,den_einstein_c_item_4_mod_1_option_4,4,
Garlic & Herb,,,47,,1,Y,den_einstein_c_item_4_mod_1,den_einstein_c_item_4_mod_1_option_5,5,
Honey Almond,,,48,,1,Y,den_einstein_c_item_4_mod_1,den_einstein_c_item_4_mod_1_option_6,6,
Jalapeno Salsa,,,49,,1,Y,den_einstein_c_item_4_mod_1,den_einstein_c_item_4_mod_1_option_7,7,
Reduced Fat Plain,,,50,,1,Y,den_einstein_c_item_4_mod_1,den_einstein_c_item_4_mod_1_option_8,8,
Strawberry,,,51,,1,Y,den_einstein_c_item_4_mod_1,den_einstein_c_item_4_mod_1_option_9,9,
Avocado,,,52,170,1,Y,den_einstein_c_item_4_mod_1,den_einstein_c_item_4_mod_1_option_10,10,
Butter Blend,,,53,,1,Y,den_einstein_c_item_4_mod_1,den_einstein_c_item_4_mod_1_option_11,11,
Hummus,,,54,170,1,Y,den_einstein_c_item_4_mod_1,den_einstein_c_item_4_mod_1_option_12,12,
Natural PB,,,55,170,1,Y,den_einstein_c_item_4_mod_1,den_einstein_c_item_4_mod_1_option_13,13,
PB&J,,,56,219,1,Y,den_einstein_c_item_4_mod_1,den_einstein_c_item_4_mod_1_option_14,14,
Plain,,,57,,1,Y,den_einstein_c_item_5_mod_1,den_einstein_c_item_5_mod_1_option_1,1,
Onion & Chive,,,58,,1,Y,den_einstein_c_item_5_mod_1,den_einstein_c_item_5_mod_1_option_2,2,
Smoked Salmon,,,59,,1,Y,den_einstein_c_item_5_mod_1,den_einstein_c_item_5_mod_1_option_3,3,
Garden Veggie,,,60,,1,Y,den_einstein_c_item_5_mod_1,den_einstein_c_item_5_mod_1_option_4,4,
Garlic & Herb,,,61,,1,Y,den_einstein_c_item_5_mod_1,den_einstein_c_item_5_mod_1_option_5,5,
Honey Almond,,,62,,1,Y,den_einstein_c_item_5_mod_1,den_einstein_c_item_5_mod_1_option_6,6,
Jalapeno Salsa,,,63,,1,Y,den_einstein_c_item_5_mod_1,den_einstein_c_item_5_mod_1_option_7,7,
Reduced Fat Plain,,,64,,1,Y,den_einstein_c_item_5_mod_1,den_einstein_c_item_5_mod_1_option_8,8,
Strawberry,,,65,,1,Y,den_einstein_c_item_5_mod_1,den_einstein_c_item_5_mod_1_option_9,9,
Avocado,,,66,170,1,Y,den_einstein_c_item_5_mod_1,den_einstein_c_item_5_mod_1_option_10,10,
Butter Blend,,,67,,1,Y,den_einstein_c_item_5_mod_1,den_einstein_c_item_5_mod_1_option_11,11,
Hummus,,,68,170,1,Y,den_einstein_c_item_5_mod_1,den_einstein_c_item_5_mod_1_option_12,12,
Natural PB,,,69,170,1,Y,den_einstein_c_item_5_mod_1,den_einstein_c_item_5_mod_1_option_13,13,
PB&J,,,70,219,1,Y,den_einstein_c_item_5_mod_1,den_einstein_c_item_5_mod_1_option_14,14,
Plain,,,71,,1,Y,den_einstein_c_item_6_mod_1,den_einstein_c_item_6_mod_1_option_1,1,
Onion & Chive,,,72,,1,Y,den_einstein_c_item_6_mod_1,den_einstein_c_item_6_mod_1_option_2,2,
Smoked Salmon,,,73,,1,Y,den_einstein_c_item_6_mod_1,den_einstein_c_item_6_mod_1_option_3,3,
Garden Veggie,,,74,,1,Y,den_einstein_c_item_6_mod_1,den_einstein_c_item_6_mod_1_option_4,4,
Garlic & Herb,,,75,,1,Y,den_einstein_c_item_6_mod_1,den_einstein_c_item_6_mod_1_option_5,5,
Honey Almond,,,76,,1,Y,den_einstein_c_item_6_mod_1,den_einstein_c_item_6_mod_1_option_6,6,
Jalapeno Salsa,,,77,,1,Y,den_einstein_c_item_6_mod_1,den_einstein_c_item_6_mod_1_option_7,7,
Reduced Fat Plain,,,78,,1,Y,den_einstein_c_item_6_mod_1,den_einstein_c_item_6_mod_1_option_8,8,
Strawberry,,,79,,1,Y,den_einstein_c_item_6_mod_1,den_einstein_c_item_6_mod_1_option_9,9,
Avocado,,,80,170,1,Y,den_einstein_c_item_6_mod_1,den_einstein_c_item_6_mod_1_option_10,10,
Butter Blend,,,81,,1,Y,den_einstein_c_item_6_mod_1,den_einstein_c_item_6_mod_1_option_11,11,
Hummus,,,82,170,1,Y,den_einstein_c_item_6_mod_1,den_einstein_c_item_6_mod_1_option_12,12,
Natural PB,,,83,170,1,Y,den_einstein_c_item_6_mod_1,den_einstein_c_item_6_mod_1_option_13,13,
PB&J,,,84,219,1,Y,den_einstein_c_item_6_mod_1,den_einstein_c_item_6_mod_1_option_14,14,
Plain,,,85,,1,Y,den_einstein_c_item_7_mod_1,den_einstein_c_item_7_mod_1_option_1,1,
Onion & Chive,,,86,,1,Y,den_einstein_c_item_7_mod_1,den_einstein_c_item_7_mod_1_option_2,2,
Smoked Salmon,,,87,,1,Y,den_einstein_c_item_7_mod_1,den_einstein_c_item_7_mod_1_option_3,3,
Garden Veggie,,,88,,1,Y,den_einstein_c_item_7_mod_1,den_einstein_c_item_7_mod_1_option_4,4,
Garlic & Herb,,,89,,1,Y,den_einstein_c_item_7_mod_1,den_einstein_c_item_7_mod_1_option_5,5,
Honey Almond,,,90,,1,Y,den_einstein_c_item_7_mod_1,den_einstein_c_item_7_mod_1_option_6,6,
Jalapeno Salsa,,,91,,1,Y,den_einstein_c_item_7_mod_1,den_einstein_c_item_7_mod_1_option_7,7,
Reduced Fat Plain,,,92,,1,Y,den_einstein_c_item_7_mod_1,den_einstein_c_item_7_mod_1_option_8,8,
Strawberry,,,93,,1,Y,den_einstein_c_item_7_mod_1,den_einstein_c_item_7_mod_1_option_9,9,
Avocado,,,94,170,1,Y,den_einstein_c_item_7_mod_1,den_einstein_c_item_7_mod_1_option_10,10,
Butter Blend,,,95,,1,Y,den_einstein_c_item_7_mod_1,den_einstein_c_item_7_mod_1_option_11,11,
Hummus,,,96,170,1,Y,den_einstein_c_item_7_mod_1,den_einstein_c_item_7_mod_1_option_12,12,
Natural PB,,,97,170,1,Y,den_einstein_c_item_7_mod_1,den_einstein_c_item_7_mod_1_option_13,13,
PB&J,,,98,219,1,Y,den_einstein_c_item_7_mod_1,den_einstein_c_item_7_mod_1_option_14,14,
Plain,,,99,,1,Y,den_einstein_c_item_8_mod_1,den_einstein_c_item_8_mod_1_option_1,1,
Onion & Chive,,,100,,1,Y,den_einstein_c_item_8_mod_1,den_einstein_c_item_8_mod_1_option_2,2,
Smoked Salmon,,,101,,1,Y,den_einstein_c_item_8_mod_1,den_einstein_c_item_8_mod_1_option_3,3,
Garden Veggie,,,102,,1,Y,den_einstein_c_item_8_mod_1,den_einstein_c_item_8_mod_1_option_4,4,
Garlic & Herb,,,103,,1,Y,den_einstein_c_item_8_mod_1,den_einstein_c_item_8_mod_1_option_5,5,
Honey Almond,,,104,,1,Y,den_einstein_c_item_8_mod_1,den_einstein_c_item_8_mod_1_option_6,6,
Jalapeno Salsa,,,105,,1,Y,den_einstein_c_item_8_mod_1,den_einstein_c_item_8_mod_1_option_7,7,
Reduced Fat Plain,,,106,,1,Y,den_einstein_c_item_8_mod_1,den_einstein_c_item_8_mod_1_option_8,8,
Strawberry,,,107,,1,Y,den_einstein_c_item_8_mod_1,den_einstein_c_item_8_mod_1_option_9,9,
Avocado,,,108,170,1,Y,den_einstein_c_item_8_mod_1,den_einstein_c_item_8_mod_1_option_10,10,
Butter Blend,,,109,,1,Y,den_einstein_c_item_8_mod_1,den_einstein_c_item_8_mod_1_option_11,11,
Hummus,,,110,170,1,Y,den_einstein_c_item_8_mod_1,den_einstein_c_item_8_mod_1_option_12,12,
Natural PB,,,111,170,1,Y,den_einstein_c_item_8_mod_1,den_einstein_c_item_8_mod_1_option_13,13,
PB&J,,,112,219,1,Y,den_einstein_c_item_8_mod_1,den_einstein_c_item_8_mod_1_option_14,14,
Plain,,,113,,1,Y,den_einstein_c_item_9_mod_1,den_einstein_c_item_9_mod_1_option_1,1,
Onion & Chive,,,114,,1,Y,den_einstein_c_item_9_mod_1,den_einstein_c_item_9_mod_1_option_2,2,
Smoked Salmon,,,115,,1,Y,den_einstein_c_item_9_mod_1,den_einstein_c_item_9_mod_1_option_3,3,
Garden Veggie,,,116,,1,Y,den_einstein_c_item_9_mod_1,den_einstein_c_item_9_mod_1_option_4,4,
Garlic & Herb,,,117,,1,Y,den_einstein_c_item_9_mod_1,den_einstein_c_item_9_mod_1_option_5,5,
Honey Almond,,,118,,1,Y,den_einstein_c_item_9_mod_1,den_einstein_c_item_9_mod_1_option_6,6,
Jalapeno Salsa,,,119,,1,Y,den_einstein_c_item_9_mod_1,den_einstein_c_item_9_mod_1_option_7,7,
Reduced Fat Plain,,,120,,1,Y,den_einstein_c_item_9_mod_1,den_einstein_c_item_9_mod_1_option_8,8,
Strawberry,,,121,,1,Y,den_einstein_c_item_9_mod_1,den_einstein_c_item_9_mod_1_option_9,9,
Avocado,,,122,170,1,Y,den_einstein_c_item_9_mod_1,den_einstein_c_item_9_mod_1_option_10,10,
Butter Blend,,,123,,1,Y,den_einstein_c_item_9_mod_1,den_einstein_c_item_9_mod_1_option_11,11,
Hummus,,,124,170,1,Y,den_einstein_c_item_9_mod_1,den_einstein_c_item_9_mod_1_option_12,12,
Natural PB,,,125,170,1,Y,den_einstein_c_item_9_mod_1,den_einstein_c_item_9_mod_1_option_13,13,
PB&J,,,126,219,1,Y,den_einstein_c_item_9_mod_1,den_einstein_c_item_9_mod_1_option_14,14,
Plain,,,127,,1,Y,den_einstein_c_item_10_mod_1,den_einstein_c_item_10_mod_1_option_1,1,
Onion & Chive,,,128,,1,Y,den_einstein_c_item_10_mod_1,den_einstein_c_item_10_mod_1_option_2,2,
Smoked Salmon,,,129,,1,Y,den_einstein_c_item_10_mod_1,den_einstein_c_item_10_mod_1_option_3,3,
Garden Veggie,,,130,,1,Y,den_einstein_c_item_10_mod_1,den_einstein_c_item_10_mod_1_option_4,4,
Garlic & Herb,,,131,,1,Y,den_einstein_c_item_10_mod_1,den_einstein_c_item_10_mod_1_option_5,5,
Honey Almond,,,132,,1,Y,den_einstein_c_item_10_mod_1,den_einstein_c_item_10_mod_1_option_6,6,
Jalapeno Salsa,,,133,,1,Y,den_einstein_c_item_10_mod_1,den_einstein_c_item_10_mod_1_option_7,7,
Reduced Fat Plain,,,134,,1,Y,den_einstein_c_item_10_mod_1,den_einstein_c_item_10_mod_1_option_8,8,
Strawberry,,,135,,1,Y,den_einstein_c_item_10_mod_1,den_einstein_c_item_10_mod_1_option_9,9,
Avocado,,,136,170,1,Y,den_einstein_c_item_10_mod_1,den_einstein_c_item_10_mod_1_option_10,10,
Butter Blend,,,137,,1,Y,den_einstein_c_item_10_mod_1,den_einstein_c_item_10_mod_1_option_11,11,
Hummus,,,138,170,1,Y,den_einstein_c_item_10_mod_1,den_einstein_c_item_10_mod_1_option_12,12,
Natural PB,,,139,170,1,Y,den_einstein_c_item_10_mod_1,den_einstein_c_item_10_mod_1_option_13,13,
PB&J,,,140,219,1,Y,den_einstein_c_item_10_mod_1,den_einstein_c_item_10_mod_1_option_14,14,
Plain,,,141,,1,Y,den_einstein_c_item_11_mod_1,den_einstein_c_item_11_mod_1_option_1,1,
Onion & Chive,,,142,,1,Y,den_einstein_c_item_11_mod_1,den_einstein_c_item_11_mod_1_option_2,2,
Smoked Salmon,,,143,,1,Y,den_einstein_c_item_11_mod_1,den_einstein_c_item_11_mod_1_option_3,3,
Garden Veggie,,,144,,1,Y,den_einstein_c_item_11_mod_1,den_einstein_c_item_11_mod_1_option_4,4,
Garlic & Herb,,,145,,1,Y,den_einstein_c_item_11_mod_1,den_einstein_c_item_11_mod_1_option_5,5,
Honey Almond,,,146,,1,Y,den_einstein_c_item_11_mod_1,den_einstein_c_item_11_mod_1_option_6,6,
Jalapeno Salsa,,,147,,1,Y,den_einstein_c_item_11_mod_1,den_einstein_c_item_11_mod_1_option_7,7,
Reduced Fat Plain,,,148,,1,Y,den_einstein_c_item_11_mod_1,den_einstein_c_item_11_mod_1_option_8,8,
Strawberry,,,149,,1,Y,den_einstein_c_item_11_mod_1,den_einstein_c_item_11_mod_1_option_9,9,
Avocado,,,150,170,1,Y,den_einstein_c_item_11_mod_1,den_einstein_c_item_11_mod_1_option_10,10,
Butter Blend,,,151,,1,Y,den_einstein_c_item_11_mod_1,den_einstein_c_item_11_mod_1_option_11,11,
Hummus,,,152,170,1,Y,den_einstein_c_item_11_mod_1,den_einstein_c_item_11_mod_1_option_12,12,
Natural PB,,,153,170,1,Y,den_einstein_c_item_11_mod_1,den_einstein_c_item_11_mod_1_option_13,13,
PB&J,,,154,219,1,Y,den_einstein_c_item_11_mod_1,den_einstein_c_item_11_mod_1_option_14,14,
Asiago Bagel,,,155,,1,Y,den_einstein_c_item_12_mod_1,den_einstein_c_item_12_mod_1_option_1,1,
Blueberry Bagel,,,156,,1,Y,den_einstein_c_item_12_mod_1,den_einstein_c_item_12_mod_1_option_2,2,
Chocolate Chip Bagel,,,157,,1,Y,den_einstein_c_item_12_mod_1,den_einstein_c_item_12_mod_1_option_3,3,
Cinnamon Raisin Bagel,,,158,,1,Y,den_einstein_c_item_12_mod_1,den_einstein_c_item_12_mod_1_option_4,4,
Cinnamon Sugar Bagel,,,159,,1,Y,den_einstein_c_item_12_mod_1,den_einstein_c_item_12_mod_1_option_5,5,
Everything Bagel,,,160,,1,Y,den_einstein_c_item_12_mod_1,den_einstein_c_item_12_mod_1_option_6,6,
Honey Whole Wheat Bagel,,,161,,1,Y,den_einstein_c_item_12_mod_1,den_einstein_c_item_12_mod_1_option_7,7,
Plain Bagel,,,162,,1,Y,den_einstein_c_item_12_mod_1,den_einstein_c_item_12_mod_1_option_8,8,
Sesame Seed Bagel,,,163,,1,Y,den_einstein_c_item_12_mod_1,den_einstein_c_item_12_mod_1_option_9,9,
Cheesy Hash Brown Bagel,,,164,,1,Y,den_einstein_c_item_12_mod_1,den_einstein_c_item_12_mod_1_option_10,10,
Six Cheese,,,165,,1,Y,den_einstein_c_item_12_mod_1,den_einstein_c_item_12_mod_1_option_11,11,
Thintastic Bagel,,,166,,1,Y,den_einstein_c_item_12_mod_1,den_einstein_c_item_12_mod_1_option_12,12,
One Egg,,,167,,1,Y,den_einstein_c_item_12_mod_2,den_einstein_c_item_12_mod_2_option_1,1,
Two Eggs,,,168,76,1,Y,den_einstein_c_item_12_mod_2,den_einstein_c_item_12_mod_2_option_2,2,
Egg White Substitute,,,169,50,1,Y,den_einstein_c_item_12_mod_2,den_einstein_c_item_12_mod_2_option_3,3,
No Bacon,,,170,,1,Y,den_einstein_c_item_12_mod_3,den_einstein_c_item_12_mod_3_option_1,1,
No Cheese,,,171,,1,Y,den_einstein_c_item_12_mod_3,den_einstein_c_item_12_mod_3_option_2,2,
Asiago Bagel,,,172,,1,Y,den_einstein_c_item_13_mod_1,den_einstein_c_item_13_mod_1_option_1,1,
Blueberry Bagel,,,173,,1,Y,den_einstein_c_item_13_mod_1,den_einstein_c_item_13_mod_1_option_2,2,
Chocolate Chip Bagel,,,174,,1,Y,den_einstein_c_item_13_mod_1,den_einstein_c_item_13_mod_1_option_3,3,
Cinnamon Raisin Bagel,,,175,,1,Y,den_einstein_c_item_13_mod_1,den_einstein_c_item_13_mod_1_option_4,4,
Cinnamon Sugar Bagel,,,176,,1,Y,den_einstein_c_item_13_mod_1,den_einstein_c_item_13_mod_1_option_5,5,
Everything Bagel,,,177,,1,Y,den_einstein_c_item_13_mod_1,den_einstein_c_item_13_mod_1_option_6,6,
Honey Whole Wheat Bagel,,,178,,1,Y,den_einstein_c_item_13_mod_1,den_einstein_c_item_13_mod_1_option_7,7,
Plain Bagel,,,179,,1,Y,den_einstein_c_item_13_mod_1,den_einstein_c_item_13_mod_1_option_8,8,
Sesame Seed Bagel,,,180,,1,Y,den_einstein_c_item_13_mod_1,den_einstein_c_item_13_mod_1_option_9,9,
Cheesy Hash Brown Bagel,,,181,,1,Y,den_einstein_c_item_13_mod_1,den_einstein_c_item_13_mod_1_option_10,10,
Six Cheese,,,182,,1,Y,den_einstein_c_item_13_mod_1,den_einstein_c_item_13_mod_1_option_11,11,
Thintastic Bagel,,,183,,1,Y,den_einstein_c_item_13_mod_1,den_einstein_c_item_13_mod_1_option_12,12,
One Egg,,,184,,1,Y,den_einstein_c_item_13_mod_2,den_einstein_c_item_13_mod_2_option_1,1,
Two Eggs,,,185,76,1,Y,den_einstein_c_item_13_mod_2,den_einstein_c_item_13_mod_2_option_2,2,
Egg White Substitute,,,186,50,1,Y,den_einstein_c_item_13_mod_2,den_einstein_c_item_13_mod_2_option_3,3,
No Turkey Sausage,,,187,,1,Y,den_einstein_c_item_13_mod_3,den_einstein_c_item_13_mod_3_option_1,1,
No Cheese,,,188,,1,Y,den_einstein_c_item_13_mod_3,den_einstein_c_item_13_mod_3_option_2,2,
Asiago Bagel,,,189,,1,Y,den_einstein_c_item_14_mod_1,den_einstein_c_item_14_mod_1_option_1,1,
Blueberry Bagel,,,190,,1,Y,den_einstein_c_item_14_mod_1,den_einstein_c_item_14_mod_1_option_2,2,
Chocolate Chip Bagel,,,191,,1,Y,den_einstein_c_item_14_mod_1,den_einstein_c_item_14_mod_1_option_3,3,
Cinnamon Raisin Bagel,,,192,,1,Y,den_einstein_c_item_14_mod_1,den_einstein_c_item_14_mod_1_option_4,4,
Cinnamon Sugar Bagel,,,193,,1,Y,den_einstein_c_item_14_mod_1,den_einstein_c_item_14_mod_1_option_5,5,
Everything Bagel,,,194,,1,Y,den_einstein_c_item_14_mod_1,den_einstein_c_item_14_mod_1_option_6,6,
Honey Whole Wheat Bagel,,,195,,1,Y,den_einstein_c_item_14_mod_1,den_einstein_c_item_14_mod_1_option_7,7,
Plain Bagel,,,196,,1,Y,den_einstein_c_item_14_mod_1,den_einstein_c_item_14_mod_1_option_8,8,
Sesame Seed Bagel,,,197,,1,Y,den_einstein_c_item_14_mod_1,den_einstein_c_item_14_mod_1_option_9,9,
Cheesy Hash Brown Bagel,,,198,,1,Y,den_einstein_c_item_14_mod_1,den_einstein_c_item_14_mod_1_option_10,10,
Six Cheese,,,199,,1,Y,den_einstein_c_item_14_mod_1,den_einstein_c_item_14_mod_1_option_11,11,
Thintastic Bagel,,,200,,1,Y,den_einstein_c_item_14_mod_1,den_einstein_c_item_14_mod_1_option_12,12,
One Egg,,,201,,1,Y,den_einstein_c_item_14_mod_2,den_einstein_c_item_14_mod_2_option_1,1,
Two Eggs,,,202,76,1,Y,den_einstein_c_item_14_mod_2,den_einstein_c_item_14_mod_2_option_2,2,
Egg White Substitute,,,203,50,1,Y,den_einstein_c_item_14_mod_2,den_einstein_c_item_14_mod_2_option_3,3,
No Ham,,,204,,1,Y,den_einstein_c_item_14_mod_3,den_einstein_c_item_14_mod_3_option_1,1,
No Cheese,,,205,,1,Y,den_einstein_c_item_14_mod_3,den_einstein_c_item_14_mod_3_option_2,2,
Asiago Bagel,,,206,,1,Y,den_einstein_c_item_15_mod_1,den_einstein_c_item_15_mod_1_option_1,1,
Blueberry Bagel,,,207,,1,Y,den_einstein_c_item_15_mod_1,den_einstein_c_item_15_mod_1_option_2,2,
Chocolate Chip Bagel,,,208,,1,Y,den_einstein_c_item_15_mod_1,den_einstein_c_item_15_mod_1_option_3,3,
Cinnamon Raisin Bagel,,,209,,1,Y,den_einstein_c_item_15_mod_1,den_einstein_c_item_15_mod_1_option_4,4,
Cinnamon Sugar Bagel,,,210,,1,Y,den_einstein_c_item_15_mod_1,den_einstein_c_item_15_mod_1_option_5,5,
Everything Bagel,,,211,,1,Y,den_einstein_c_item_15_mod_1,den_einstein_c_item_15_mod_1_option_6,6,
Honey Whole Wheat Bagel,,,212,,1,Y,den_einstein_c_item_15_mod_1,den_einstein_c_item_15_mod_1_option_7,7,
Plain Bagel,,,213,,1,Y,den_einstein_c_item_15_mod_1,den_einstein_c_item_15_mod_1_option_8,8,
Sesame Seed Bagel,,,214,,1,Y,den_einstein_c_item_15_mod_1,den_einstein_c_item_15_mod_1_option_9,9,
Cheesy Hash Brown Bagel,,,215,,1,Y,den_einstein_c_item_15_mod_1,den_einstein_c_item_15_mod_1_option_10,10,
Six Cheese,,,216,,1,Y,den_einstein_c_item_15_mod_1,den_einstein_c_item_15_mod_1_option_11,11,
Thintastic Bagel,,,217,,1,Y,den_einstein_c_item_15_mod_1,den_einstein_c_item_15_mod_1_option_12,12,
One Egg,,,218,,1,Y,den_einstein_c_item_15_mod_2,den_einstein_c_item_15_mod_2_option_1,1,
Two Eggs,,,219,76,1,Y,den_einstein_c_item_15_mod_2,den_einstein_c_item_15_mod_2_option_2,2,
Egg White Substitute,,,220,50,1,Y,den_einstein_c_item_15_mod_2,den_einstein_c_item_15_mod_2_option_3,3,
No Cheese,,,221,,1,Y,den_einstein_c_item_15_mod_3,den_einstein_c_item_15_mod_3_option_1,1,
Asiago Bagel,,,222,,1,Y,den_einstein_c_item_16_mod_1,den_einstein_c_item_16_mod_1_option_1,1,
Blueberry Bagel,,,223,,1,Y,den_einstein_c_item_16_mod_1,den_einstein_c_item_16_mod_1_option_2,2,
Chocolate Chip Bagel,,,224,,1,Y,den_einstein_c_item_16_mod_1,den_einstein_c_item_16_mod_1_option_3,3,
Cinnamon Raisin Bagel,,,225,,1,Y,den_einstein_c_item_16_mod_1,den_einstein_c_item_16_mod_1_option_4,4,
Cinnamon Sugar Bagel,,,226,,1,Y,den_einstein_c_item_16_mod_1,den_einstein_c_item_16_mod_1_option_5,5,
Everything Bagel,,,227,,1,Y,den_einstein_c_item_16_mod_1,den_einstein_c_item_16_mod_1_option_6,6,
Honey Whole Wheat Bagel,,,228,,1,Y,den_einstein_c_item_16_mod_1,den_einstein_c_item_16_mod_1_option_7,7,
Plain Bagel,,,229,,1,Y,den_einstein_c_item_16_mod_1,den_einstein_c_item_16_mod_1_option_8,8,
Sesame Seed Bagel,,,230,,1,Y,den_einstein_c_item_16_mod_1,den_einstein_c_item_16_mod_1_option_9,9,
Cheesy Hash Brown Bagel,,,231,,1,Y,den_einstein_c_item_16_mod_1,den_einstein_c_item_16_mod_1_option_10,10,
Six Cheese,,,232,,1,Y,den_einstein_c_item_16_mod_1,den_einstein_c_item_16_mod_1_option_11,11,
Thintastic Bagel,,,233,,1,Y,den_einstein_c_item_16_mod_1,den_einstein_c_item_16_mod_1_option_12,12,
One Egg,,,234,,1,Y,den_einstein_c_item_16_mod_2,den_einstein_c_item_16_mod_2_option_1,1,
Two Eggs,,,235,76,1,Y,den_einstein_c_item_16_mod_2,den_einstein_c_item_16_mod_2_option_2,2,
Egg White Substitute,,,236,50,1,Y,den_einstein_c_item_16_mod_2,den_einstein_c_item_16_mod_2_option_3,3,
No Bacon,,,237,,1,Y,den_einstein_c_item_16_mod_3,den_einstein_c_item_16_mod_3_option_1,1,
No Ham,,,238,,1,Y,den_einstein_c_item_16_mod_3,den_einstein_c_item_16_mod_3_option_2,2,
No Cheese,,,239,,1,Y,den_einstein_c_item_16_mod_3,den_einstein_c_item_16_mod_3_option_3,3,
No Country Pepper Shmear,,,240,,1,Y,den_einstein_c_item_16_mod_3,den_einstein_c_item_16_mod_3_option_4,4,
One Egg,,,241,,1,Y,den_einstein_c_item_17_mod_1,den_einstein_c_item_17_mod_1_option_1,1,
Two Eggs,,,242,76,1,Y,den_einstein_c_item_17_mod_1,den_einstein_c_item_17_mod_1_option_2,2,
Egg White Substitute,,,243,50,1,Y,den_einstein_c_item_17_mod_1,den_einstein_c_item_17_mod_1_option_3,3,
No Bacon,,,244,,1,Y,den_einstein_c_item_17_mod_2,den_einstein_c_item_17_mod_2_option_1,1,
No Turkey Sausage,,,245,,1,Y,den_einstein_c_item_17_mod_2,den_einstein_c_item_17_mod_2_option_2,2,
No Cheese,,,246,,1,Y,den_einstein_c_item_17_mod_2,den_einstein_c_item_17_mod_2_option_3,3,
No Green Chiles,,,247,,1,Y,den_einstein_c_item_17_mod_2,den_einstein_c_item_17_mod_2_option_4,4,
No Hash Browns,,,248,,1,Y,den_einstein_c_item_17_mod_2,den_einstein_c_item_17_mod_2_option_5,5,
No Salsa,,,249,,1,Y,den_einstein_c_item_17_mod_2,den_einstein_c_item_17_mod_2_option_6,6,
No Plain Shmear,,,250,,1,Y,den_einstein_c_item_17_mod_2,den_einstein_c_item_17_mod_2_option_7,7,
Asiago Bagel,,,251,,1,Y,den_einstein_c_item_18_mod_1,den_einstein_c_item_18_mod_1_option_1,1,
Blueberry Bagel,,,252,,1,Y,den_einstein_c_item_18_mod_1,den_einstein_c_item_18_mod_1_option_2,2,
Chocolate Chip Bagel,,,253,,1,Y,den_einstein_c_item_18_mod_1,den_einstein_c_item_18_mod_1_option_3,3,
Cinnamon Raisin Bagel,,,254,,1,Y,den_einstein_c_item_18_mod_1,den_einstein_c_item_18_mod_1_option_4,4,
Cinnamon Sugar Bagel,,,255,,1,Y,den_einstein_c_item_18_mod_1,den_einstein_c_item_18_mod_1_option_5,5,
Everything Bagel,,,256,,1,Y,den_einstein_c_item_18_mod_1,den_einstein_c_item_18_mod_1_option_6,6,
Honey Whole Wheat Bagel,,,257,,1,Y,den_einstein_c_item_18_mod_1,den_einstein_c_item_18_mod_1_option_7,7,
Plain Bagel,,,258,,1,Y,den_einstein_c_item_18_mod_1,den_einstein_c_item_18_mod_1_option_8,8,
Sesame Seed Bagel,,,259,,1,Y,den_einstein_c_item_18_mod_1,den_einstein_c_item_18_mod_1_option_9,9,
Cheesy Hash Brown Bagel,,,260,,1,Y,den_einstein_c_item_18_mod_1,den_einstein_c_item_18_mod_1_option_10,10,
Six Cheese,,,261,,1,Y,den_einstein_c_item_18_mod_1,den_einstein_c_item_18_mod_1_option_11,11,
Thintastic Bagel,,,262,,1,Y,den_einstein_c_item_18_mod_1,den_einstein_c_item_18_mod_1_option_12,12,
One Egg,,,263,,1,Y,den_einstein_c_item_18_mod_2,den_einstein_c_item_18_mod_2_option_1,1,
Two Eggs,,,264,76,1,Y,den_einstein_c_item_18_mod_2,den_einstein_c_item_18_mod_2_option_2,2,
Egg White Substitute,,,265,50,1,Y,den_einstein_c_item_18_mod_2,den_einstein_c_item_18_mod_2_option_3,3,
No Crispy Chicken,,,266,,1,Y,den_einstein_c_item_18_mod_3,den_einstein_c_item_18_mod_3_option_1,1,
No Cheese,,,267,,1,Y,den_einstein_c_item_18_mod_3,den_einstein_c_item_18_mod_3_option_2,2,
No Country Pepper Shmear,,,268,,1,Y,den_einstein_c_item_18_mod_3,den_einstein_c_item_18_mod_3_option_3,3,
Asiago Bagel,,,269,,1,Y,den_einstein_c_item_19_mod_1,den_einstein_c_item_19_mod_1_option_1,1,
Blueberry Bagel,,,270,,1,Y,den_einstein_c_item_19_mod_1,den_einstein_c_item_19_mod_1_option_2,2,
Chocolate Chip Bagel,,,271,,1,Y,den_einstein_c_item_19_mod_1,den_einstein_c_item_19_mod_1_option_3,3,
Cinnamon Raisin Bagel,,,272,,1,Y,den_einstein_c_item_19_mod_1,den_einstein_c_item_19_mod_1_option_4,4,
Cinnamon Sugar Bagel,,,273,,1,Y,den_einstein_c_item_19_mod_1,den_einstein_c_item_19_mod_1_option_5,5,
Everything Bagel,,,274,,1,Y,den_einstein_c_item_19_mod_1,den_einstein_c_item_19_mod_1_option_6,6,
Honey Whole Wheat Bagel,,,275,,1,Y,den_einstein_c_item_19_mod_1,den_einstein_c_item_19_mod_1_option_7,7,
Plain Bagel,,,276,,1,Y,den_einstein_c_item_19_mod_1,den_einstein_c_item_19_mod_1_option_8,8,
Sesame Seed Bagel,,,277,,1,Y,den_einstein_c_item_19_mod_1,den_einstein_c_item_19_mod_1_option_9,9,
Cheesy Hash Brown Bagel,,,278,,1,Y,den_einstein_c_item_19_mod_1,den_einstein_c_item_19_mod_1_option_10,10,
Six Cheese,,,279,,1,Y,den_einstein_c_item_19_mod_1,den_einstein_c_item_19_mod_1_option_11,11,
Thintastic Bagel,,,280,,1,Y,den_einstein_c_item_19_mod_1,den_einstein_c_item_19_mod_1_option_12,12,
One Egg,,,281,,1,Y,den_einstein_c_item_19_mod_2,den_einstein_c_item_19_mod_2_option_1,1,
Two Eggs,,,282,76,1,Y,den_einstein_c_item_19_mod_2,den_einstein_c_item_19_mod_2_option_2,2,
Egg White Substitute,,,283,50,1,Y,den_einstein_c_item_19_mod_2,den_einstein_c_item_19_mod_2_option_3,3,
No Cheese,,,284,,1,Y,den_einstein_c_item_19_mod_3,den_einstein_c_item_19_mod_3_option_1,1,
No Sauteed Spinach and Mushrooms,,,285,,1,Y,den_einstein_c_item_19_mod_3,den_einstein_c_item_19_mod_3_option_2,2,
Asiago Bagel,,,286,,1,Y,den_einstein_c_item_20_mod_1,den_einstein_c_item_20_mod_1_option_1,1,
Blueberry Bagel,,,287,,1,Y,den_einstein_c_item_20_mod_1,den_einstein_c_item_20_mod_1_option_2,2,
Chocolate Chip Bagel,,,288,,1,Y,den_einstein_c_item_20_mod_1,den_einstein_c_item_20_mod_1_option_3,3,
Cinnamon Raisin Bagel,,,289,,1,Y,den_einstein_c_item_20_mod_1,den_einstein_c_item_20_mod_1_option_4,4,
Cinnamon Sugar Bagel,,,290,,1,Y,den_einstein_c_item_20_mod_1,den_einstein_c_item_20_mod_1_option_5,5,
Everything Bagel,,,291,,1,Y,den_einstein_c_item_20_mod_1,den_einstein_c_item_20_mod_1_option_6,6,
Honey Whole Wheat Bagel,,,292,,1,Y,den_einstein_c_item_20_mod_1,den_einstein_c_item_20_mod_1_option_7,7,
Plain Bagel,,,293,,1,Y,den_einstein_c_item_20_mod_1,den_einstein_c_item_20_mod_1_option_8,8,
Sesame Seed Bagel,,,294,,1,Y,den_einstein_c_item_20_mod_1,den_einstein_c_item_20_mod_1_option_9,9,
Cheesy Hash Brown Bagel,,,295,,1,Y,den_einstein_c_item_20_mod_1,den_einstein_c_item_20_mod_1_option_10,10,
Six Cheese,,,296,,1,Y,den_einstein_c_item_20_mod_1,den_einstein_c_item_20_mod_1_option_11,11,
Thintastic Bagel,,,297,,1,Y,den_einstein_c_item_20_mod_1,den_einstein_c_item_20_mod_1_option_12,12,
No Turkey Sausage,,,298,,1,Y,den_einstein_c_item_20_mod_2,den_einstein_c_item_20_mod_2_option_1,1,
No Cheese,,,299,,1,Y,den_einstein_c_item_20_mod_2,den_einstein_c_item_20_mod_2_option_2,2,
No Salsa,,,300,,1,Y,den_einstein_c_item_20_mod_2,den_einstein_c_item_20_mod_2_option_3,3,
No Jalapeno Salsa Shmear,,,301,,1,Y,den_einstein_c_item_20_mod_2,den_einstein_c_item_20_mod_2_option_4,4,
Asiago Bagel,,,302,,1,Y,den_einstein_c_item_21_mod_1,den_einstein_c_item_21_mod_1_option_1,1,
Blueberry Bagel,,,303,,1,Y,den_einstein_c_item_21_mod_1,den_einstein_c_item_21_mod_1_option_2,2,
Chocolate Chip Bagel,,,304,,1,Y,den_einstein_c_item_21_mod_1,den_einstein_c_item_21_mod_1_option_3,3,
Cinnamon Raisin Bagel,,,305,,1,Y,den_einstein_c_item_21_mod_1,den_einstein_c_item_21_mod_1_option_4,4,
Cinnamon Sugar Bagel,,,306,,1,Y,den_einstein_c_item_21_mod_1,den_einstein_c_item_21_mod_1_option_5,5,
Everything Bagel,,,307,,1,Y,den_einstein_c_item_21_mod_1,den_einstein_c_item_21_mod_1_option_6,6,
Honey Whole Wheat Bagel,,,308,,1,Y,den_einstein_c_item_21_mod_1,den_einstein_c_item_21_mod_1_option_7,7,
Plain Bagel,,,309,,1,Y,den_einstein_c_item_21_mod_1,den_einstein_c_item_21_mod_1_option_8,8,
Sesame Seed Bagel,,,310,,1,Y,den_einstein_c_item_21_mod_1,den_einstein_c_item_21_mod_1_option_9,9,
Cheesy Hash Brown Bagel,,,311,,1,Y,den_einstein_c_item_21_mod_1,den_einstein_c_item_21_mod_1_option_10,10,
Six Cheese,,,312,,1,Y,den_einstein_c_item_21_mod_1,den_einstein_c_item_21_mod_1_option_11,11,
Thintastic Bagel,,,313,,1,Y,den_einstein_c_item_21_mod_1,den_einstein_c_item_21_mod_1_option_12,12,
No Bacon,,,314,,1,Y,den_einstein_c_item_21_mod_2,den_einstein_c_item_21_mod_2_option_1,1,
No Avocado,,,315,,1,Y,den_einstein_c_item_21_mod_2,den_einstein_c_item_21_mod_2_option_2,2,
No Tomato,,,316,,1,Y,den_einstein_c_item_21_mod_2,den_einstein_c_item_21_mod_2_option_3,3,
No Tomato Shmear,,,317,,1,Y,den_einstein_c_item_21_mod_2,den_einstein_c_item_21_mod_2_option_4,4,
Asiago Bagel,,,318,,1,Y,den_einstein_c_item_22_mod_1,den_einstein_c_item_22_mod_1_option_1,1,
Blueberry Bagel,,,319,,1,Y,den_einstein_c_item_22_mod_1,den_einstein_c_item_22_mod_1_option_2,2,
Chocolate Chip Bagel,,,320,,1,Y,den_einstein_c_item_22_mod_1,den_einstein_c_item_22_mod_1_option_3,3,
Cinnamon Raisin Bagel,,,321,,1,Y,den_einstein_c_item_22_mod_1,den_einstein_c_item_22_mod_1_option_4,4,
Cinnamon Sugar Bagel,,,322,,1,Y,den_einstein_c_item_22_mod_1,den_einstein_c_item_22_mod_1_option_5,5,
Everything Bagel,,,323,,1,Y,den_einstein_c_item_22_mod_1,den_einstein_c_item_22_mod_1_option_6,6,
Honey Whole Wheat Bagel,,,324,,1,Y,den_einstein_c_item_22_mod_1,den_einstein_c_item_22_mod_1_option_7,7,
Plain Bagel,,,325,,1,Y,den_einstein_c_item_22_mod_1,den_einstein_c_item_22_mod_1_option_8,8,
Sesame Seed Bagel,,,326,,1,Y,den_einstein_c_item_22_mod_1,den_einstein_c_item_22_mod_1_option_9,9,
Cheesy Hash Brown Bagel,,,327,,1,Y,den_einstein_c_item_22_mod_1,den_einstein_c_item_22_mod_1_option_10,10,
Six Cheese,,,328,,1,Y,den_einstein_c_item_22_mod_1,den_einstein_c_item_22_mod_1_option_11,11,
Thintastic Bagel,,,329,,1,Y,den_einstein_c_item_22_mod_1,den_einstein_c_item_22_mod_1_option_12,12,
No Lox,,,330,,1,Y,den_einstein_c_item_22_mod_2,den_einstein_c_item_22_mod_2_option_1,1,
No Red Onion,,,331,,1,Y,den_einstein_c_item_22_mod_2,den_einstein_c_item_22_mod_2_option_2,2,
No Capers,,,332,,1,Y,den_einstein_c_item_22_mod_2,den_einstein_c_item_22_mod_2_option_3,3,
No Tomato,,,333,,1,Y,den_einstein_c_item_22_mod_2,den_einstein_c_item_22_mod_2_option_4,4,
No Plain Shmear,,,334,,1,Y,den_einstein_c_item_22_mod_2,den_einstein_c_item_22_mod_2_option_5,5,
Asiago Bagel,,,335,,1,Y,den_einstein_c_item_23_mod_1,den_einstein_c_item_23_mod_1_option_1,1,
Blueberry Bagel,,,336,,1,Y,den_einstein_c_item_23_mod_1,den_einstein_c_item_23_mod_1_option_2,2,
Chocolate Chip Bagel,,,337,,1,Y,den_einstein_c_item_23_mod_1,den_einstein_c_item_23_mod_1_option_3,3,
Cinnamon Raisin Bagel,,,338,,1,Y,den_einstein_c_item_23_mod_1,den_einstein_c_item_23_mod_1_option_4,4,
Cinnamon Sugar Bagel,,,339,,1,Y,den_einstein_c_item_23_mod_1,den_einstein_c_item_23_mod_1_option_5,5,
Everything Bagel,,,340,,1,Y,den_einstein_c_item_23_mod_1,den_einstein_c_item_23_mod_1_option_6,6,
Honey Whole Wheat Bagel,,,341,,1,Y,den_einstein_c_item_23_mod_1,den_einstein_c_item_23_mod_1_option_7,7,
Plain Bagel,,,342,,1,Y,den_einstein_c_item_23_mod_1,den_einstein_c_item_23_mod_1_option_8,8,
Sesame Seed Bagel,,,343,,1,Y,den_einstein_c_item_23_mod_1,den_einstein_c_item_23_mod_1_option_9,9,
Cheesy Hash Brown Bagel,,,344,,1,Y,den_einstein_c_item_23_mod_1,den_einstein_c_item_23_mod_1_option_10,10,
Six Cheese,,,345,,1,Y,den_einstein_c_item_23_mod_1,den_einstein_c_item_23_mod_1_option_11,11,
Thintastic Bagel,,,346,,1,Y,den_einstein_c_item_23_mod_1,den_einstein_c_item_23_mod_1_option_12,12,
No Turkey,,,347,,1,Y,den_einstein_c_item_23_mod_2,den_einstein_c_item_23_mod_2_option_1,1,
No Spinach,,,348,,1,Y,den_einstein_c_item_23_mod_2,den_einstein_c_item_23_mod_2_option_2,2,
No Cucumber,,,349,,1,Y,den_einstein_c_item_23_mod_2,den_einstein_c_item_23_mod_2_option_3,3,
No Lettuce,,,350,,1,Y,den_einstein_c_item_23_mod_2,den_einstein_c_item_23_mod_2_option_4,4,
No Tomato,,,351,,1,Y,den_einstein_c_item_23_mod_2,den_einstein_c_item_23_mod_2_option_5,5,
No Onion & Chive Shmear,,,352,,1,Y,den_einstein_c_item_23_mod_2,den_einstein_c_item_23_mod_2_option_6,6,
No Turkey,,,353,,1,Y,den_einstein_c_item_24_mod_1,den_einstein_c_item_24_mod_1_option_1,1,
No Bacon,,,354,,1,Y,den_einstein_c_item_24_mod_1,den_einstein_c_item_24_mod_1_option_2,2,
No Avocado,,,355,,1,Y,den_einstein_c_item_24_mod_1,den_einstein_c_item_24_mod_1_option_3,3,
No Lettuce,,,356,,1,Y,den_einstein_c_item_24_mod_1,den_einstein_c_item_24_mod_1_option_4,4,
No Tomato,,,357,,1,Y,den_einstein_c_item_24_mod_1,den_einstein_c_item_24_mod_1_option_5,5,
No Tomato Shmear,,,358,,1,Y,den_einstein_c_item_24_mod_1,den_einstein_c_item_24_mod_1_option_6,6,
Asiago Bagel,,,359,,1,Y,den_einstein_c_item_25_mod_1,den_einstein_c_item_25_mod_1_option_1,1,
Blueberry Bagel,,,360,,1,Y,den_einstein_c_item_25_mod_1,den_einstein_c_item_25_mod_1_option_2,2,
Chocolate Chip Bagel,,,361,,1,Y,den_einstein_c_item_25_mod_1,den_einstein_c_item_25_mod_1_option_3,3,
Cinnamon Raisin Bagel,,,362,,1,Y,den_einstein_c_item_25_mod_1,den_einstein_c_item_25_mod_1_option_4,4,
Cinnamon Sugar Bagel,,,363,,1,Y,den_einstein_c_item_25_mod_1,den_einstein_c_item_25_mod_1_option_5,5,
Everything Bagel,,,364,,1,Y,den_einstein_c_item_25_mod_1,den_einstein_c_item_25_mod_1_option_6,6,
Honey Whole Wheat Bagel,,,365,,1,Y,den_einstein_c_item_25_mod_1,den_einstein_c_item_25_mod_1_option_7,7,
Plain Bagel,,,366,,1,Y,den_einstein_c_item_25_mod_1,den_einstein_c_item_25_mod_1_option_8,8,
Sesame Seed Bagel,,,367,,1,Y,den_einstein_c_item_25_mod_1,den_einstein_c_item_25_mod_1_option_9,9,
Cheesy Hash Brown Bagel,,,368,,1,Y,den_einstein_c_item_25_mod_1,den_einstein_c_item_25_mod_1_option_10,10,
Six Cheese,,,369,,1,Y,den_einstein_c_item_25_mod_1,den_einstein_c_item_25_mod_1_option_11,11,
Thintastic Bagel,,,370,,1,Y,den_einstein_c_item_25_mod_1,den_einstein_c_item_25_mod_1_option_12,12,
No Tomato,,,371,,1,Y,den_einstein_c_item_25_mod_2,den_einstein_c_item_25_mod_2_option_1,1,
No Red Onion,,,372,,1,Y,den_einstein_c_item_25_mod_2,den_einstein_c_item_25_mod_2_option_2,2,
No Spinach,,,373,,1,Y,den_einstein_c_item_25_mod_2,den_einstein_c_item_25_mod_2_option_3,3,
No Lettuce,,,374,,1,Y,den_einstein_c_item_25_mod_2,den_einstein_c_item_25_mod_2_option_4,4,
No Cucumber,,,375,,1,Y,den_einstein_c_item_25_mod_2,den_einstein_c_item_25_mod_2_option_5,5,
No Garden Veggie Shmear,,,376,,1,Y,den_einstein_c_item_25_mod_2,den_einstein_c_item_25_mod_2_option_6,6,
No Turkey,,,377,,1,Y,den_einstein_c_item_26_mod_1,den_einstein_c_item_26_mod_1_option_1,1,
No Bacon,,,378,,1,Y,den_einstein_c_item_26_mod_1,den_einstein_c_item_26_mod_1_option_2,2,
No Avocado,,,379,,1,Y,den_einstein_c_item_26_mod_1,den_einstein_c_item_26_mod_1_option_3,3,
No Tomato,,,380,,1,Y,den_einstein_c_item_26_mod_1,den_einstein_c_item_26_mod_1_option_4,4,
No Cucumber,,,381,,1,Y,den_einstein_c_item_26_mod_1,den_einstein_c_item_26_mod_1_option_5,5,
No Red Onion,,,382,,1,Y,den_einstein_c_item_26_mod_1,den_einstein_c_item_26_mod_1_option_6,6,
No Spinach,,,383,,1,Y,den_einstein_c_item_26_mod_1,den_einstein_c_item_26_mod_1_option_7,7,
No Tomato Shmear,,,384,,1,Y,den_einstein_c_item_26_mod_1,den_einstein_c_item_26_mod_1_option_8,8,
No Garlic & Herb Shmear,,,385,,1,Y,den_einstein_c_item_26_mod_1,den_einstein_c_item_26_mod_1_option_9,9,
Asiago Bagel,,,386,,1,Y,den_einstein_c_item_27_mod_1,den_einstein_c_item_27_mod_1_option_1,1,
Blueberry Bagel,,,387,,1,Y,den_einstein_c_item_27_mod_1,den_einstein_c_item_27_mod_1_option_2,2,
Chocolate Chip Bagel,,,388,,1,Y,den_einstein_c_item_27_mod_1,den_einstein_c_item_27_mod_1_option_3,3,
Cinnamon Raisin Bagel,,,389,,1,Y,den_einstein_c_item_27_mod_1,den_einstein_c_item_27_mod_1_option_4,4,
Cinnamon Sugar Bagel,,,390,,1,Y,den_einstein_c_item_27_mod_1,den_einstein_c_item_27_mod_1_option_5,5,
Everything Bagel,,,391,,1,Y,den_einstein_c_item_27_mod_1,den_einstein_c_item_27_mod_1_option_6,6,
Honey Whole Wheat Bagel,,,392,,1,Y,den_einstein_c_item_27_mod_1,den_einstein_c_item_27_mod_1_option_7,7,
Plain Bagel,,,393,,1,Y,den_einstein_c_item_27_mod_1,den_einstein_c_item_27_mod_1_option_8,8,
Sesame Seed Bagel,,,394,,1,Y,den_einstein_c_item_27_mod_1,den_einstein_c_item_27_mod_1_option_9,9,
Cheesy Hash Brown Bagel,,,395,,1,Y,den_einstein_c_item_27_mod_1,den_einstein_c_item_27_mod_1_option_10,10,
Six Cheese,,,396,,1,Y,den_einstein_c_item_27_mod_1,den_einstein_c_item_27_mod_1_option_11,11,
Thintastic Bagel,,,397,,1,Y,den_einstein_c_item_27_mod_1,den_einstein_c_item_27_mod_1_option_12,12,
Flour Tortilla,,,398,,1,Y,den_einstein_c_item_27_mod_1,den_einstein_c_item_27_mod_1_option_13,13,
Toasted Ciabatta,,,399,,1,Y,den_einstein_c_item_27_mod_1,den_einstein_c_item_27_mod_1_option_14,14,
No Turkey,,,400,,1,Y,den_einstein_c_item_27_mod_2,den_einstein_c_item_27_mod_2_option_1,1,
No Cheese,,,401,,1,Y,den_einstein_c_item_27_mod_2,den_einstein_c_item_27_mod_2_option_2,2,
Asiago Bagel,,,402,,1,Y,den_einstein_c_item_28_mod_1,den_einstein_c_item_28_mod_1_option_1,1,
Blueberry Bagel,,,403,,1,Y,den_einstein_c_item_28_mod_1,den_einstein_c_item_28_mod_1_option_2,2,
Chocolate Chip Bagel,,,404,,1,Y,den_einstein_c_item_28_mod_1,den_einstein_c_item_28_mod_1_option_3,3,
Cinnamon Raisin Bagel,,,405,,1,Y,den_einstein_c_item_28_mod_1,den_einstein_c_item_28_mod_1_option_4,4,
Cinnamon Sugar Bagel,,,406,,1,Y,den_einstein_c_item_28_mod_1,den_einstein_c_item_28_mod_1_option_5,5,
Everything Bagel,,,407,,1,Y,den_einstein_c_item_28_mod_1,den_einstein_c_item_28_mod_1_option_6,6,
Honey Whole Wheat Bagel,,,408,,1,Y,den_einstein_c_item_28_mod_1,den_einstein_c_item_28_mod_1_option_7,7,
Plain Bagel,,,409,,1,Y,den_einstein_c_item_28_mod_1,den_einstein_c_item_28_mod_1_option_8,8,
Sesame Seed Bagel,,,410,,1,Y,den_einstein_c_item_28_mod_1,den_einstein_c_item_28_mod_1_option_9,9,
Cheesy Hash Brown Bagel,,,411,,1,Y,den_einstein_c_item_28_mod_1,den_einstein_c_item_28_mod_1_option_10,10,
Six Cheese,,,412,,1,Y,den_einstein_c_item_28_mod_1,den_einstein_c_item_28_mod_1_option_11,11,
Thintastic Bagel,,,413,,1,Y,den_einstein_c_item_28_mod_1,den_einstein_c_item_28_mod_1_option_12,12,
Flour Tortilla,,,414,,1,Y,den_einstein_c_item_28_mod_1,den_einstein_c_item_28_mod_1_option_13,13,
Toasted Ciabatta,,,415,,1,Y,den_einstein_c_item_28_mod_1,den_einstein_c_item_28_mod_1_option_14,14,
No Ham,,,416,,1,Y,den_einstein_c_item_28_mod_2,den_einstein_c_item_28_mod_2_option_1,1,
No Cheese,,,417,,1,Y,den_einstein_c_item_28_mod_2,den_einstein_c_item_28_mod_2_option_2,2,
Asiago Bagel,,,418,,1,Y,den_einstein_c_item_29_mod_1,den_einstein_c_item_29_mod_1_option_1,1,
Blueberry Bagel,,,419,,1,Y,den_einstein_c_item_29_mod_1,den_einstein_c_item_29_mod_1_option_2,2,
Chocolate Chip Bagel,,,420,,1,Y,den_einstein_c_item_29_mod_1,den_einstein_c_item_29_mod_1_option_3,3,
Cinnamon Raisin Bagel,,,421,,1,Y,den_einstein_c_item_29_mod_1,den_einstein_c_item_29_mod_1_option_4,4,
Cinnamon Sugar Bagel,,,422,,1,Y,den_einstein_c_item_29_mod_1,den_einstein_c_item_29_mod_1_option_5,5,
Everything Bagel,,,423,,1,Y,den_einstein_c_item_29_mod_1,den_einstein_c_item_29_mod_1_option_6,6,
Honey Whole Wheat Bagel,,,424,,1,Y,den_einstein_c_item_29_mod_1,den_einstein_c_item_29_mod_1_option_7,7,
Plain Bagel,,,425,,1,Y,den_einstein_c_item_29_mod_1,den_einstein_c_item_29_mod_1_option_8,8,
Sesame Seed Bagel,,,426,,1,Y,den_einstein_c_item_29_mod_1,den_einstein_c_item_29_mod_1_option_9,9,
Cheesy Hash Brown Bagel,,,427,,1,Y,den_einstein_c_item_29_mod_1,den_einstein_c_item_29_mod_1_option_10,10,
Six Cheese,,,428,,1,Y,den_einstein_c_item_29_mod_1,den_einstein_c_item_29_mod_1_option_11,11,
Thintastic Bagel,,,429,,1,Y,den_einstein_c_item_29_mod_1,den_einstein_c_item_29_mod_1_option_12,12,
Flour Tortilla,,,430,,1,Y,den_einstein_c_item_29_mod_1,den_einstein_c_item_29_mod_1_option_13,13,
Toasted Ciabatta,,,431,,1,Y,den_einstein_c_item_29_mod_1,den_einstein_c_item_29_mod_1_option_14,14,
Asiago Bagel,,,432,,1,Y,den_einstein_c_item_30_mod_1,den_einstein_c_item_30_mod_1_option_1,1,
Blueberry Bagel,,,433,,1,Y,den_einstein_c_item_30_mod_1,den_einstein_c_item_30_mod_1_option_2,2,
Chocolate Chip Bagel,,,434,,1,Y,den_einstein_c_item_30_mod_1,den_einstein_c_item_30_mod_1_option_3,3,
Cinnamon Raisin Bagel,,,435,,1,Y,den_einstein_c_item_30_mod_1,den_einstein_c_item_30_mod_1_option_4,4,
Cinnamon Sugar Bagel,,,436,,1,Y,den_einstein_c_item_30_mod_1,den_einstein_c_item_30_mod_1_option_5,5,
Everything Bagel,,,437,,1,Y,den_einstein_c_item_30_mod_1,den_einstein_c_item_30_mod_1_option_6,6,
Honey Whole Wheat Bagel,,,438,,1,Y,den_einstein_c_item_30_mod_1,den_einstein_c_item_30_mod_1_option_7,7,
Plain Bagel,,,439,,1,Y,den_einstein_c_item_30_mod_1,den_einstein_c_item_30_mod_1_option_8,8,
Sesame Seed Bagel,,,440,,1,Y,den_einstein_c_item_30_mod_1,den_einstein_c_item_30_mod_1_option_9,9,
Cheesy Hash Brown Bagel,,,441,,1,Y,den_einstein_c_item_30_mod_1,den_einstein_c_item_30_mod_1_option_10,10,
Six Cheese,,,442,,1,Y,den_einstein_c_item_30_mod_1,den_einstein_c_item_30_mod_1_option_11,11,
Thintastic Bagel,,,443,,1,Y,den_einstein_c_item_30_mod_1,den_einstein_c_item_30_mod_1_option_12,12,
Flour Tortilla,,,444,,1,Y,den_einstein_c_item_30_mod_1,den_einstein_c_item_30_mod_1_option_13,13,
Toasted Ciabatta,,,445,,1,Y,den_einstein_c_item_30_mod_1,den_einstein_c_item_30_mod_1_option_14,14,
Asiago Bagel,,,446,,1,Y,den_einstein_c_item_31_mod_1,den_einstein_c_item_31_mod_1_option_1,1,
Blueberry Bagel,,,447,,1,Y,den_einstein_c_item_31_mod_1,den_einstein_c_item_31_mod_1_option_2,2,
Chocolate Chip Bagel,,,448,,1,Y,den_einstein_c_item_31_mod_1,den_einstein_c_item_31_mod_1_option_3,3,
Cinnamon Raisin Bagel,,,449,,1,Y,den_einstein_c_item_31_mod_1,den_einstein_c_item_31_mod_1_option_4,4,
Cinnamon Sugar Bagel,,,450,,1,Y,den_einstein_c_item_31_mod_1,den_einstein_c_item_31_mod_1_option_5,5,
Everything Bagel,,,451,,1,Y,den_einstein_c_item_31_mod_1,den_einstein_c_item_31_mod_1_option_6,6,
Honey Whole Wheat Bagel,,,452,,1,Y,den_einstein_c_item_31_mod_1,den_einstein_c_item_31_mod_1_option_7,7,
Plain Bagel,,,453,,1,Y,den_einstein_c_item_31_mod_1,den_einstein_c_item_31_mod_1_option_8,8,
Sesame Seed Bagel,,,454,,1,Y,den_einstein_c_item_31_mod_1,den_einstein_c_item_31_mod_1_option_9,9,
Cheesy Hash Brown Bagel,,,455,,1,Y,den_einstein_c_item_31_mod_1,den_einstein_c_item_31_mod_1_option_10,10,
Six Cheese,,,456,,1,Y,den_einstein_c_item_31_mod_1,den_einstein_c_item_31_mod_1_option_11,11,
Thintastic Bagel,,,457,,1,Y,den_einstein_c_item_31_mod_1,den_einstein_c_item_31_mod_1_option_12,12,
Flour Tortilla,,,458,,1,Y,den_einstein_c_item_31_mod_1,den_einstein_c_item_31_mod_1_option_13,13,
Toasted Ciabatta,,,459,,1,Y,den_einstein_c_item_31_mod_1,den_einstein_c_item_31_mod_1_option_14,14,
No Turkey,,,460,,1,Y,den_einstein_c_item_31_mod_2,den_einstein_c_item_31_mod_2_option_1,1,
No Bacon,,,461,,1,Y,den_einstein_c_item_31_mod_2,den_einstein_c_item_31_mod_2_option_2,2,
No Cheese,,,462,,1,Y,den_einstein_c_item_31_mod_2,den_einstein_c_item_31_mod_2_option_3,3,
No Lettuce,,,463,,1,Y,den_einstein_c_item_31_mod_2,den_einstein_c_item_31_mod_2_option_4,4,
No Tomato,,,464,,1,Y,den_einstein_c_item_31_mod_2,den_einstein_c_item_31_mod_2_option_5,5,
No Green Chiles,,,465,,1,Y,den_einstein_c_item_31_mod_2,den_einstein_c_item_31_mod_2_option_6,6,
No Plain Shmear,,,466,,1,Y,den_einstein_c_item_31_mod_2,den_einstein_c_item_31_mod_2_option_7,7,
No Chicken Breast,,,467,,1,Y,den_einstein_c_item_32_mod_1,den_einstein_c_item_32_mod_1_option_1,1,
No Pepperoni,,,468,,1,Y,den_einstein_c_item_32_mod_1,den_einstein_c_item_32_mod_1_option_2,2,
No Cheese,,,469,,1,Y,den_einstein_c_item_32_mod_1,den_einstein_c_item_32_mod_1_option_3,3,
No Red Onion,,,470,,1,Y,den_einstein_c_item_32_mod_1,den_einstein_c_item_32_mod_1_option_4,4,
No Spinach,,,471,,1,Y,den_einstein_c_item_32_mod_1,den_einstein_c_item_32_mod_1_option_5,5,
No Tomato Spread,,,472,,1,Y,den_einstein_c_item_32_mod_1,den_einstein_c_item_32_mod_1_option_6,6,
No Chicken Breast,,,473,,1,Y,den_einstein_c_item_33_mod_1,den_einstein_c_item_33_mod_1_option_1,1,
No Bacon,,,474,,1,Y,den_einstein_c_item_33_mod_1,den_einstein_c_item_33_mod_1_option_2,2,
No Cheese,,,475,,1,Y,den_einstein_c_item_33_mod_1,den_einstein_c_item_33_mod_1_option_3,3,
No Buffalo Sauce,,,476,,1,Y,den_einstein_c_item_33_mod_1,den_einstein_c_item_33_mod_1_option_4,4,
No Ranch,,,477,,1,Y,den_einstein_c_item_33_mod_1,den_einstein_c_item_33_mod_1_option_5,5,
No Red Onion,,,478,,1,Y,den_einstein_c_item_33_mod_1,den_einstein_c_item_33_mod_1_option_6,6,
No Cheese,,,479,,1,Y,den_einstein_c_item_34_mod_1,den_einstein_c_item_34_mod_1_option_1,1,
No Sauteed Spinach and Mushrooms,,,480,,1,Y,den_einstein_c_item_34_mod_1,den_einstein_c_item_34_mod_1_option_2,2,
No Tomato,,,481,,1,Y,den_einstein_c_item_34_mod_1,den_einstein_c_item_34_mod_1_option_3,3,
No Red Onion,,,482,,1,Y,den_einstein_c_item_34_mod_1,den_einstein_c_item_34_mod_1_option_4,4,
No Garlic & Herb Shmear,,,483,,1,Y,den_einstein_c_item_34_mod_1,den_einstein_c_item_34_mod_1_option_5,5,
Asiago Bagel,,,484,,1,Y,den_einstein_c_item_35_mod_1,den_einstein_c_item_35_mod_1_option_1,1,
Blueberry Bagel,,,485,,1,Y,den_einstein_c_item_35_mod_1,den_einstein_c_item_35_mod_1_option_2,2,
Chocolate Chip Bagel,,,486,,1,Y,den_einstein_c_item_35_mod_1,den_einstein_c_item_35_mod_1_option_3,3,
Cinnamon Raisin Bagel,,,487,,1,Y,den_einstein_c_item_35_mod_1,den_einstein_c_item_35_mod_1_option_4,4,
Cinnamon Sugar Bagel,,,488,,1,Y,den_einstein_c_item_35_mod_1,den_einstein_c_item_35_mod_1_option_5,5,
Everything Bagel,,,489,,1,Y,den_einstein_c_item_35_mod_1,den_einstein_c_item_35_mod_1_option_6,6,
Honey Whole Wheat Bagel,,,490,,1,Y,den_einstein_c_item_35_mod_1,den_einstein_c_item_35_mod_1_option_7,7,
Plain Bagel,,,491,,1,Y,den_einstein_c_item_35_mod_1,den_einstein_c_item_35_mod_1_option_8,8,
Sesame Seed Bagel,,,492,,1,Y,den_einstein_c_item_35_mod_1,den_einstein_c_item_35_mod_1_option_9,9,
Cheesy Hash Brown Bagel,,,493,,1,Y,den_einstein_c_item_35_mod_1,den_einstein_c_item_35_mod_1_option_10,10,
Six Cheese,,,494,,1,Y,den_einstein_c_item_35_mod_1,den_einstein_c_item_35_mod_1_option_11,11,
Thintastic Bagel,,,495,,1,Y,den_einstein_c_item_35_mod_1,den_einstein_c_item_35_mod_1_option_12,12,
Asiago Bagel,,,496,,1,Y,den_einstein_c_item_36_mod_1,den_einstein_c_item_36_mod_1_option_1,1,
Blueberry Bagel,,,497,,1,Y,den_einstein_c_item_36_mod_1,den_einstein_c_item_36_mod_1_option_2,2,
Chocolate Chip Bagel,,,498,,1,Y,den_einstein_c_item_36_mod_1,den_einstein_c_item_36_mod_1_option_3,3,
Cinnamon Raisin Bagel,,,499,,1,Y,den_einstein_c_item_36_mod_1,den_einstein_c_item_36_mod_1_option_4,4,
Cinnamon Sugar Bagel,,,500,,1,Y,den_einstein_c_item_36_mod_1,den_einstein_c_item_36_mod_1_option_5,5,
Everything Bagel,,,501,,1,Y,den_einstein_c_item_36_mod_1,den_einstein_c_item_36_mod_1_option_6,6,
Honey Whole Wheat Bagel,,,502,,1,Y,den_einstein_c_item_36_mod_1,den_einstein_c_item_36_mod_1_option_7,7,
Plain Bagel,,,503,,1,Y,den_einstein_c_item_36_mod_1,den_einstein_c_item_36_mod_1_option_8,8,
Sesame Seed Bagel,,,504,,1,Y,den_einstein_c_item_36_mod_1,den_einstein_c_item_36_mod_1_option_9,9,
Cheesy Hash Brown Bagel,,,505,,1,Y,den_einstein_c_item_36_mod_1,den_einstein_c_item_36_mod_1_option_10,10,
Six Cheese,,,506,,1,Y,den_einstein_c_item_36_mod_1,den_einstein_c_item_36_mod_1_option_11,11,
Thintastic Bagel,,,507,,1,Y,den_einstein_c_item_36_mod_1,den_einstein_c_item_36_mod_1_option_12,12,
Asiago Bagel,,,508,,1,Y,den_einstein_c_item_37_mod_1,den_einstein_c_item_37_mod_1_option_1,1,
Blueberry Bagel,,,509,,1,Y,den_einstein_c_item_37_mod_1,den_einstein_c_item_37_mod_1_option_2,2,
Chocolate Chip Bagel,,,510,,1,Y,den_einstein_c_item_37_mod_1,den_einstein_c_item_37_mod_1_option_3,3,
Cinnamon Raisin Bagel,,,511,,1,Y,den_einstein_c_item_37_mod_1,den_einstein_c_item_37_mod_1_option_4,4,
Cinnamon Sugar Bagel,,,512,,1,Y,den_einstein_c_item_37_mod_1,den_einstein_c_item_37_mod_1_option_5,5,
Everything Bagel,,,513,,1,Y,den_einstein_c_item_37_mod_1,den_einstein_c_item_37_mod_1_option_6,6,
Honey Whole Wheat Bagel,,,514,,1,Y,den_einstein_c_item_37_mod_1,den_einstein_c_item_37_mod_1_option_7,7,
Plain Bagel,,,515,,1,Y,den_einstein_c_item_37_mod_1,den_einstein_c_item_37_mod_1_option_8,8,
Sesame Seed Bagel,,,516,,1,Y,den_einstein_c_item_37_mod_1,den_einstein_c_item_37_mod_1_option_9,9,
Cheesy Hash Brown Bagel,,,517,,1,Y,den_einstein_c_item_37_mod_1,den_einstein_c_item_37_mod_1_option_10,10,
Six Cheese,,,518,,1,Y,den_einstein_c_item_37_mod_1,den_einstein_c_item_37_mod_1_option_11,11,
Thintastic Bagel,,,519,,1,Y,den_einstein_c_item_37_mod_1,den_einstein_c_item_37_mod_1_option_12,12,
Hot ,,,520,,1,Y,den_einstein_c_item_38_mod_1,den_einstein_c_item_38_mod_1_option_1,1,
Iced,,,521,,1,Y,den_einstein_c_item_38_mod_1,den_einstein_c_item_38_mod_1_option_2,2,
Blended,,,522,,1,Y,den_einstein_c_item_38_mod_1,den_einstein_c_item_38_mod_1_option_3,3,
Medium,,,523,,1,Y,den_einstein_c_item_38_mod_2,den_einstein_c_item_38_mod_2_option_1,1,
Large,,,524,35,1,Y,den_einstein_c_item_38_mod_2,den_einstein_c_item_38_mod_2_option_2,2,
Hot ,,,525,,1,Y,den_einstein_c_item_39_mod_1,den_einstein_c_item_39_mod_1_option_1,1,
Iced,,,526,,1,Y,den_einstein_c_item_39_mod_1,den_einstein_c_item_39_mod_1_option_2,2,
Blended,,,527,,1,Y,den_einstein_c_item_39_mod_1,den_einstein_c_item_39_mod_1_option_3,3,
Medium,,,528,,1,Y,den_einstein_c_item_39_mod_2,den_einstein_c_item_39_mod_2_option_1,1,
Large,,,529,35,1,Y,den_einstein_c_item_39_mod_2,den_einstein_c_item_39_mod_2_option_2,2,
Hot ,,,530,,1,Y,den_einstein_c_item_40_mod_1,den_einstein_c_item_40_mod_1_option_1,1,
Iced,,,531,,1,Y,den_einstein_c_item_40_mod_1,den_einstein_c_item_40_mod_1_option_2,2,
Medium,,,532,,1,Y,den_einstein_c_item_40_mod_2,den_einstein_c_item_40_mod_2_option_1,1,
Large,,,533,30,1,Y,den_einstein_c_item_40_mod_2,den_einstein_c_item_40_mod_2_option_2,2,
2% Milk,,,534,,1,Y,den_einstein_c_item_40_mod_3,den_einstein_c_item_40_mod_3_option_1,1,
Half and Half,,,535,,1,Y,den_einstein_c_item_40_mod_3,den_einstein_c_item_40_mod_3_option_2,2,
Pure Vida,,,536,,1,Y,den_einstein_c_item_40_mod_3,den_einstein_c_item_40_mod_3_option_3,3,
Splenda,,,537,,1,Y,den_einstein_c_item_40_mod_3,den_einstein_c_item_40_mod_3_option_4,4,
Raw Sugar ,,,538,,1,Y,den_einstein_c_item_40_mod_3,den_einstein_c_item_40_mod_3_option_5,5,
Honey,,,539,,1,Y,den_einstein_c_item_40_mod_3,den_einstein_c_item_40_mod_3_option_6,6,
Hot,,,540,,1,Y,den_einstein_c_item_41_mod_1,den_einstein_c_item_41_mod_1_option_1,1,
Iced,,,541,,1,Y,den_einstein_c_item_41_mod_1,den_einstein_c_item_41_mod_1_option_2,2,
Medium,,,542,,1,Y,den_einstein_c_item_41_mod_2,den_einstein_c_item_41_mod_2_option_1,1,
Large,,,543,40,1,Y,den_einstein_c_item_41_mod_2,den_einstein_c_item_41_mod_2_option_2,2,
2% Milk,,,544,,1,Y,den_einstein_c_item_41_mod_3,den_einstein_c_item_41_mod_3_option_1,1,
Half and Half,,,545,,1,Y,den_einstein_c_item_41_mod_3,den_einstein_c_item_41_mod_3_option_2,2,
Pure Vida,,,546,,1,Y,den_einstein_c_item_41_mod_3,den_einstein_c_item_41_mod_3_option_3,3,
Splenda,,,547,,1,Y,den_einstein_c_item_41_mod_3,den_einstein_c_item_41_mod_3_option_4,4,
Raw Sugar ,,,548,,1,Y,den_einstein_c_item_41_mod_3,den_einstein_c_item_41_mod_3_option_5,5,
Honey,,,549,,1,Y,den_einstein_c_item_41_mod_3,den_einstein_c_item_41_mod_3_option_6,6,
Hot,,,550,,1,Y,den_einstein_c_item_42_mod_1,den_einstein_c_item_42_mod_1_option_1,1,
Iced,,,551,,1,Y,den_einstein_c_item_42_mod_1,den_einstein_c_item_42_mod_1_option_2,2,
Medium,,,552,,1,Y,den_einstein_c_item_42_mod_2,den_einstein_c_item_42_mod_2_option_1,1,
Large,,,553,40,1,Y,den_einstein_c_item_42_mod_2,den_einstein_c_item_42_mod_2_option_2,2,
2% Milk,,,554,,1,Y,den_einstein_c_item_42_mod_3,den_einstein_c_item_42_mod_3_option_1,1,
Half and Half,,,555,,1,Y,den_einstein_c_item_42_mod_3,den_einstein_c_item_42_mod_3_option_2,2,
Pure Vida,,,556,,1,Y,den_einstein_c_item_42_mod_3,den_einstein_c_item_42_mod_3_option_3,3,
Splenda,,,557,,1,Y,den_einstein_c_item_42_mod_3,den_einstein_c_item_42_mod_3_option_4,4,
Raw Sugar ,,,558,,1,Y,den_einstein_c_item_42_mod_3,den_einstein_c_item_42_mod_3_option_5,5,
Honey,,,559,,1,Y,den_einstein_c_item_42_mod_3,den_einstein_c_item_42_mod_3_option_6,6,
Hot,,,560,,1,Y,den_einstein_c_item_43_mod_1,den_einstein_c_item_43_mod_1_option_1,1,
Iced,,,561,,1,Y,den_einstein_c_item_43_mod_1,den_einstein_c_item_43_mod_1_option_2,2,
Medium,,,562,,1,Y,den_einstein_c_item_43_mod_2,den_einstein_c_item_43_mod_2_option_1,1,
Large,,,563,25,1,Y,den_einstein_c_item_43_mod_2,den_einstein_c_item_43_mod_2_option_2,2,
2% Milk,,,564,,1,Y,den_einstein_c_item_43_mod_3,den_einstein_c_item_43_mod_3_option_1,1,
Half and Half,,,565,,1,Y,den_einstein_c_item_43_mod_3,den_einstein_c_item_43_mod_3_option_2,2,
Pure Vida,,,566,,1,Y,den_einstein_c_item_43_mod_3,den_einstein_c_item_43_mod_3_option_3,3,
Splenda,,,567,,1,Y,den_einstein_c_item_43_mod_3,den_einstein_c_item_43_mod_3_option_4,4,
Raw Sugar ,,,568,,1,Y,den_einstein_c_item_43_mod_3,den_einstein_c_item_43_mod_3_option_5,5,
Honey,,,569,,1,Y,den_einstein_c_item_43_mod_3,den_einstein_c_item_43_mod_3_option_6,6,
Medium,,,570,,1,Y,den_einstein_c_item_44_mod_1,den_einstein_c_item_44_mod_1_option_1,1,
Large,,,571,45,1,Y,den_einstein_c_item_44_mod_1,den_einstein_c_item_44_mod_1_option_2,2,
Medium,,,572,,1,Y,den_einstein_c_item_45_mod_1,den_einstein_c_item_44_mod_1_option_3,3,
Large,,,573,40,1,Y,den_einstein_c_item_45_mod_1,den_einstein_c_item_44_mod_1_option_4,4,
Classic,,,574,,1,Y,den_einstein_c_item_45_mod_2,den_einstein_c_item_45_mod_2_option_1,1,
Caramel,,,575,,1,Y,den_einstein_c_item_45_mod_2,den_einstein_c_item_45_mod_2_option_2,2,
Vanilla,,,576,,1,Y,den_einstein_c_item_45_mod_2,den_einstein_c_item_45_mod_2_option_3,3,
Vanilla Hazelnut,,,577,,1,Y,den_einstein_c_item_45_mod_2,den_einstein_c_item_45_mod_2_option_4,4,
Medium,,,578,,1,Y,den_einstein_c_item_46_mod_1,den_einstein_c_item_46_mod_1_option_1,1,
Large,,,579,45,1,Y,den_einstein_c_item_46_mod_1,den_einstein_c_item_46_mod_1_option_2,2,
2% Milk,,,580,,1,Y,den_einstein_c_item_46_mod_2,den_einstein_c_item_46_mod_2_option_1,1,
Half and Half,,,581,,1,Y,den_einstein_c_item_46_mod_2,den_einstein_c_item_46_mod_2_option_2,2,
Pure Vida,,,582,,1,Y,den_einstein_c_item_46_mod_2,den_einstein_c_item_46_mod_2_option_3,3,
Splenda,,,583,,1,Y,den_einstein_c_item_46_mod_2,den_einstein_c_item_46_mod_2_option_4,4,
Raw Sugar ,,,584,,1,Y,den_einstein_c_item_46_mod_2,den_einstein_c_item_46_mod_2_option_5,5,
Honey,,,585,,1,Y,den_einstein_c_item_46_mod_2,den_einstein_c_item_46_mod_2_option_6,6,
Medium,,,586,,1,Y,den_einstein_c_item_47_mod_1,den_einstein_c_item_47_mod_1_option_1,1,
Large,,,587,35,1,Y,den_einstein_c_item_47_mod_1,den_einstein_c_item_47_mod_1_option_2,2,
Real Vanilla,,,588,,1,Y,den_einstein_c_item_47_mod_2,den_einstein_c_item_47_mod_2_option_1,1,
Chocolate,,,589,,1,Y,den_einstein_c_item_47_mod_2,den_einstein_c_item_47_mod_2_option_2,2,
Caramel,,,590,,1,Y,den_einstein_c_item_47_mod_2,den_einstein_c_item_47_mod_2_option_3,3,
Medium,,,591,,1,Y,den_einstein_c_item_48_mod_1,den_einstein_c_item_48_mod_1_option_1,1,
Large,,,592,35,1,Y,den_einstein_c_item_48_mod_1,den_einstein_c_item_48_mod_1_option_2,2,
Strawberry Banana,,,593,,1,Y,den_einstein_c_item_48_mod_2,den_einstein_c_item_48_mod_2_option_1,1,
Mango Orange Key Lime Pie,,,594,,1,N,den_einstein_c_item_48_mod_2,den_einstein_c_item_48_mod_2_option_2,2,
Medium,,,595,,1,Y,den_einstein_c_item_49_mod_1,den_einstein_c_item_49_mod_1_option_1,1,
Large,,,596,45,1,Y,den_einstein_c_item_49_mod_1,den_einstein_c_item_49_mod_1_option_2,2,
2% Milk,,,597,,1,Y,den_einstein_c_item_49_mod_2,den_einstein_c_item_49_mod_2_option_1,1,
Half and Half,,,598,,1,Y,den_einstein_c_item_49_mod_2,den_einstein_c_item_49_mod_2_option_2,2,
Pure Vida,,,599,,1,Y,den_einstein_c_item_49_mod_2,den_einstein_c_item_49_mod_2_option_3,3,
Splenda,,,600,,1,Y,den_einstein_c_item_49_mod_2,den_einstein_c_item_49_mod_2_option_4,4,
Raw Sugar ,,,601,,1,Y,den_einstein_c_item_49_mod_2,den_einstein_c_item_49_mod_2_option_5,5,
Honey,,,602,,1,Y,den_einstein_c_item_49_mod_2,den_einstein_c_item_49_mod_2_option_6,6,
Medium,,,603,,1,Y,den_einstein_c_item_50_mod_1,den_einstein_c_item_50_mod_1_option_1,1,
Large,,,604,45,1,Y,den_einstein_c_item_50_mod_1,den_einstein_c_item_50_mod_1_option_2,2,
2% Milk,,,605,,1,Y,den_einstein_c_item_50_mod_2,den_einstein_c_item_50_mod_2_option_1,1,
Half and Half,,,606,,1,Y,den_einstein_c_item_50_mod_2,den_einstein_c_item_50_mod_2_option_2,2,
Pure Vida,,,607,,1,Y,den_einstein_c_item_50_mod_2,den_einstein_c_item_50_mod_2_option_3,3,
Splenda,,,608,,1,Y,den_einstein_c_item_50_mod_2,den_einstein_c_item_50_mod_2_option_4,4,
Raw Sugar ,,,609,,1,Y,den_einstein_c_item_50_mod_2,den_einstein_c_item_50_mod_2_option_5,5,
Honey,,,610,,1,Y,den_einstein_c_item_50_mod_2,den_einstein_c_item_50_mod_2_option_6,6,